datetime,cloudcover,visibility,solarE,irradiance total,solar energy,sunrise,sunriseN,sunset,sunsetN,daylight hours,,declination,declination w sign,angle in radians 
01/01/2023,65.2,21.1,16,126.9422222,50.77688889,08:15:58,8.266111111,16:12:00,16.2,07:56:02,7.933888889,23,-23,
02/01/2023,40.9,36.6,38.8,308.6001112,123.4400445,08:15:51,8.264166667,16:13:04,16.21777778,07:57:13,7.953611111,22,-22,
03/01/2023,97.4,15.8,10.6,84.53205554,33.81282222,08:15:41,8.261388889,16:14:10,16.23611111,07:58:29,7.974722222,22,-22,
04/01/2023,97.5,16.6,20.4,163.1546667,65.26186668,08:15:27,8.2575,16:15:19,16.25527778,07:59:52,7.997777778,22,-22,
05/01/2023,93.2,22.2,19.9,159.6422223,63.8568889,08:15:11,8.253055556,16:16:31,16.27527778,08:01:20,8.022222222,22,-22,
06/01/2023,76.9,37,29.7,239.0437499,95.61749996,08:14:50,8.247222222,16:17:45,16.29583333,08:02:55,8.048611111,22,-22,
07/01/2023,83,21,22,177.6805555,71.07222221,08:14:27,8.240833333,16:19:02,16.31722222,08:04:35,8.076388889,22,-22,
08/01/2023,73.1,31.2,20.5,166.163889,66.46555558,08:14:01,8.233611111,16:20:21,16.33916667,08:06:20,8.105555556,22,-22,
09/01/2023,52.8,27.3,42,341.7166667,136.6866667,08:13:31,8.225277778,16:21:41,16.36138889,08:08:10,8.136111111,22,-22,
10/01/2023,92.9,15.5,9,73.51749998,29.40699999,08:12:58,8.216111111,16:23:05,16.38472222,08:10:07,8.168611111,21,-21,
11/01/2023,71.7,20,13.6,111.5502222,44.62008887,08:12:22,8.206111111,16:24:30,16.40833333,08:12:08,8.202222222,21,-21,
12/01/2023,93,16.8,10.7,88.13530553,35.25412221,08:11:43,8.195277778,16:25:56,16.43222222,08:14:13,8.236944444,21,-21,
13/01/2023,55.7,20.6,44.2,365.6813331,146.2725333,08:11:01,8.183611111,16:27:25,16.45694444,08:16:24,8.273333333,21,-21,
14/01/2023,86.6,26.5,21.9,182.0133333,72.80533331,08:10:16,8.171111111,16:28:56,16.48222222,08:18:40,8.311111111,21,-21,
15/01/2023,63.4,36.7,29,242.1580556,96.86322225,08:09:27,8.1575,16:30:28,16.50777778,08:21:01,8.350277778,21,-21,
16/01/2023,59,48.7,37.8,317.1630001,126.8652,08:08:36,8.143333333,16:32:02,16.53388889,08:23:26,8.390555556,21,-21,
17/01/2023,13.7,38.4,35.5,299.3340279,119.7336111,08:07:42,8.128333333,16:33:37,16.56027778,08:25:55,8.431944444,20,-20,
18/01/2023,24.3,39,48.5,411.0105554,164.4042222,08:06:46,8.112777778,16:35:14,16.58722222,08:28:28,8.474444444,20,-20,
19/01/2023,17.2,29.8,50,425.9166665,170.3666666,08:05:46,8.096111111,16:36:52,16.61444444,08:31:06,8.518333333,20,-20,
20/01/2023,13.2,29.2,52.3,447.8478053,179.1391221,08:04:44,8.078888889,16:38:31,16.64194444,08:33:47,8.563055556,20,-20,
21/01/2023,42.7,9.2,21.8,187.6737777,75.06951109,08:03:39,8.060833333,16:40:11,16.66972222,08:36:32,8.608888889,20,-20,
22/01/2023,42.5,9.4,27.8,240.639889,96.25595561,08:02:31,8.041944444,16:41:53,16.69805556,08:39:22,8.656111111,19,-19,
23/01/2023,10.9,15.8,44.6,388.1934445,155.2773778,08:01:21,8.0225,16:43:35,16.72638889,08:42:14,8.703888889,19,-19,
24/01/2023,11.8,7,51.9,454.2691668,181.7076667,08:00:09,8.0025,16:45:19,16.75527778,08:45:10,8.752777778,19,-19,
25/01/2023,85.9,4.5,21,184.8525001,73.94100003,07:58:54,7.981666667,16:47:03,16.78416667,08:48:09,8.8025,19,-19,
26/01/2023,67.6,28,27.9,247.0079999,98.80319996,07:57:36,7.96,16:48:48,16.81333333,08:51:12,8.853333333,18,-18,
27/01/2023,81.7,30.7,26.2,233.3037223,93.32148891,07:56:17,7.938055556,16:50:34,16.84277778,08:54:17,8.904722222,18,-18,
28/01/2023,100,20.1,17.2,154.0642222,61.62568889,07:54:55,7.915277778,16:52:21,16.8725,08:57:26,8.957222222,18,-18,
29/01/2023,90.3,22,35.7,321.6768332,128.6707333,07:53:30,7.891666667,16:54:08,16.90222222,09:00:38,9.010555556,18,-18,
30/01/2023,57.8,22.3,57.4,520.2831664,208.1132666,07:52:04,7.867777778,16:55:55,16.93194444,09:03:51,9.064166667,17,-17,
31/01/2023,65.9,19.9,49,446.8255553,178.7302221,07:50:35,7.843055556,16:57:43,16.96194444,09:07:08,9.118888889,17,-17,
01/02/2023,70.6,17.3,41.5,380.7279166,152.2911666,07:49:05,7.818055556,16:59:32,16.99222222,09:10:27,9.174166667,17,-17,
02/02/2023,95.7,29.5,27.8,256.6017222,102.6406889,07:47:32,7.792222222,17:01:21,17.0225,09:13:49,9.230277778,17,-17,
03/02/2023,89.7,32.7,35,325.0430556,130.0172223,07:45:57,7.765833333,17:03:10,17.05277778,09:17:13,9.286944444,16,-16,
04/02/2023,95.4,13.5,13.9,129.8800556,51.95202225,07:44:21,7.739166667,17:04:59,17.08305556,09:20:38,9.343888889,16,-16,
05/02/2023,19.2,11.8,62.2,584.7836666,233.9134667,07:42:43,7.711944444,17:06:49,17.11361111,09:24:06,9.401666667,16,-16,
06/02/2023,32.2,10.9,64.6,611.1160001,244.4464,07:41:02,7.683888889,17:08:38,17.14388889,09:27:36,9.46,15,-15,
07/02/2023,34.2,9.4,63.8,607.3051108,242.9220443,07:39:20,7.655555556,17:10:28,17.17444444,09:31:08,9.518888889,15,-15,
08/02/2023,36.3,9.9,66,632.1516667,252.8606667,07:37:37,7.626944444,17:12:18,17.205,09:34:41,9.578055556,15,-15,
09/02/2023,51.6,10.9,62.5,602.3611114,240.9444446,07:35:52,7.597777778,17:14:08,17.23555556,09:38:16,9.637777778,14,-14,
10/02/2023,60.8,10.7,50.8,492.6612221,197.0644889,07:34:05,7.568055556,17:15:58,17.26611111,09:41:53,9.698055556,14,-14,
11/02/2023,97.7,12.4,27,263.4900001,105.396,07:32:16,7.537777778,17:17:48,17.29666667,09:45:32,9.758888889,14,-14,
12/02/2023,99.6,12.2,34.8,341.7359999,136.6944,07:30:26,7.507222222,17:19:38,17.32722222,09:49:12,9.82,13,-13,
13/02/2023,56.1,9.4,66.7,659.088639,263.6354556,07:28:35,7.476388889,17:21:28,17.35777778,09:52:53,9.881388889,13,-13,
14/02/2023,42.2,8.8,78.9,784.5070837,313.8028335,07:26:42,7.445,17:23:17,17.38805556,09:56:35,9.943055556,13,-13,
15/02/2023,41.7,11.7,51.3,513.27075,205.3083,07:24:48,7.413333333,17:25:07,17.41861111,10:00:19,10.00527778,12,-12,
16/02/2023,97.1,26.5,37.1,373.50425,149.4017,07:22:53,7.381388889,17:26:56,17.44888889,10:04:03,10.0675,12,-12,
17/02/2023,99.4,34.2,34,344.4294446,137.7717778,07:20:56,7.348888889,17:28:45,17.47916667,10:07:49,10.13027778,12,-12,
18/02/2023,94.5,26.2,32.4,330.2639999,132.1055999,07:18:58,7.316111111,17:30:34,17.50944444,10:11:36,10.19333333,11,-11,
19/02/2023,49.9,24,88.4,906.6893331,362.6757332,07:16:59,7.283055556,17:32:23,17.53972222,10:15:24,10.25666667,11,-11,
20/02/2023,98.7,21.8,49.7,512.9178056,205.1671222,07:14:59,7.249722222,17:34:12,17.57,10:19:13,10.32027778,11,-11,
21/02/2023,92.1,17.2,38.3,397.7029444,159.0811778,07:12:58,7.216111111,17:36:00,17.6,10:23:02,10.38388889,10,-10,
22/02/2023,89.1,22.3,57.1,596.5839722,238.6335889,07:10:55,7.181944444,17:37:48,17.63,10:26:53,10.44805556,10,-10,
23/02/2023,69.7,28.6,52.3,549.7892222,219.9156889,07:08:52,7.147777778,17:39:36,17.66,10:30:44,10.51222222,10,-10,
24/02/2023,67.6,29.9,41.9,443.1506944,177.2602777,07:06:48,7.113333333,17:41:23,17.68972222,10:34:35,10.57638889,9,-9,
25/02/2023,62.3,32.2,51.2,544.839111,217.9356444,07:04:42,7.078333333,17:43:11,17.71972222,10:38:29,10.64138889,9,-9,
26/02/2023,28,34.4,81.7,874.6892774,349.875711,07:02:36,7.043333333,17:44:58,17.74944444,10:42:22,10.70611111,9,-9,
27/02/2023,57.8,32.9,52.5,565.46875,226.1875,07:00:29,7.008055556,17:46:44,17.77888889,10:46:15,10.77083333,8,-8,
28/02/2023,76.3,38.7,52.1,564.5613888,225.8245555,06:58:21,6.9725,17:48:31,17.80861111,10:50:10,10.83611111,8,-8,
01/03/2023,95.2,40.8,50,545.0555558,218.0222223,06:56:13,6.936944444,17:50:17,17.83805556,10:54:04,10.90111111,8,-8,
02/03/2023,51.3,22.6,103.4,1133.924611,453.5698444,06:54:03,6.900833333,17:52:02,17.86722222,10:57:59,10.96638889,7,-7,
03/03/2023,98.5,27.5,34.5,380.6020835,152.2408334,06:51:53,6.864722222,17:53:48,17.89666667,11:01:55,11.03194444,7,-7,
04/03/2023,100,23.4,28.3,314.0513888,125.6205555,06:49:43,6.828611111,17:55:33,17.92583333,11:05:50,11.09722222,7,-7,
05/03/2023,96.8,25.3,36.6,408.5678333,163.4271333,06:47:31,6.791944444,17:57:18,17.955,11:09:47,11.16305556,6,-6,
06/03/2023,91.7,33.2,66.1,742.2111946,296.8844779,06:45:20,6.755555556,17:59:03,17.98416667,11:13:43,11.22861111,6,-6,
07/03/2023,82.9,31.2,72.1,814.3294448,325.7317779,06:43:07,6.718611111,18:00:47,18.01305556,11:17:40,11.29444444,5,-5,
08/03/2023,96.8,7.4,24.9,282.8709165,113.1483666,06:40:54,6.681666667,18:02:31,18.04194444,11:21:37,11.36027778,5,-5,
09/03/2023,99.8,7.3,36.4,415.9104443,166.3641777,06:38:41,6.644722222,18:04:15,18.07083333,11:25:34,11.42611111,4,-4,
10/03/2023,81.7,25,78,896.3933332,358.5573333,06:36:27,6.6075,18:05:59,18.09972222,11:29:32,11.49222222,4,-4,
11/03/2023,96.2,19.6,46.4,536.2937776,214.517511,06:34:13,6.570277778,18:07:42,18.12833333,11:33:29,11.55805556,3,-3,
12/03/2023,92.6,12.9,65.5,761.401111,304.5604444,06:31:58,6.532777778,18:09:26,18.15722222,11:37:28,11.62444444,3,-3,
13/03/2023,98.3,11.9,80.1,936.3912503,374.5565001,06:29:43,6.495277778,18:11:08,18.18555556,11:41:25,11.69027778,3,-3,
14/03/2023,51.1,34.6,137.8,1620.030389,648.0121557,06:27:28,6.457777778,18:12:51,18.21416667,11:45:23,11.75638889,2,-2,
15/03/2023,68.4,17.7,54.7,646.7059446,258.6823778,06:25:12,6.42,18:14:34,18.24277778,11:49:22,11.82277778,2,-2,
16/03/2023,99.6,19.2,20.5,243.7222222,97.48888888,06:22:56,6.382222222,18:16:16,18.27111111,11:53:20,11.88888889,1,-1,
17/03/2023,92,19.7,79.9,955.2044997,382.0817999,06:20:40,6.344444444,18:17:58,18.29944444,11:57:18,11.955,1,-1,
18/03/2023,87.2,25.3,137.8,1656.509111,662.6036445,06:18:24,6.306666667,18:19:40,18.32777778,12:01:16,12.02111111,1,-1,
19/03/2023,56.3,28.1,147.1,1778.07125,711.2284999,06:16:07,6.268611111,18:21:22,18.35611111,12:05:15,12.0875,0,0,
20/03/2023,99.1,19,42.3,514.0977501,205.6391,06:13:50,6.230555556,18:23:03,18.38416667,12:09:13,12.15361111,0,0,
21/03/2023,94.7,19.5,125.4,1532.353167,612.9412667,06:11:34,6.192777778,18:24:45,18.4125,12:13:11,12.21972222,0,0,
22/03/2023,76.8,13.1,117.9,1448.499751,579.3999002,06:09:17,6.154722222,18:26:26,18.44055556,12:17:09,12.28583333,0,0,
23/03/2023,69.8,15.4,92.5,1142.554861,457.0219444,06:07:00,6.116666667,18:28:07,18.46861111,12:21:07,12.35194444,0,0,
24/03/2023,57.3,19.8,160.2,1989.372501,795.7490002,06:04:43,6.078611111,18:29:48,18.49666667,12:25:05,12.41805556,1,1,
25/03/2023,78.8,19.7,163.6,2042.409666,816.9638665,06:02:26,6.040555556,18:31:29,18.52472222,12:29:03,12.48416667,1,1,
26/03/2023,97.5,26.8,72.7,912.3850001,364.9540001,07:00:10,7.002777778,19:33:10,19.55277778,12:33:00,12.55,1,1,
27/03/2023,70.7,28.6,170.6,2152.308555,860.923422,06:57:53,6.964722222,19:34:51,19.58083333,12:36:58,12.61611111,2,2,
28/03/2023,96.8,19.8,40.6,514.8982223,205.9592889,06:55:36,6.926666667,19:36:32,19.60888889,12:40:56,12.68222222,2,2,
29/03/2023,99.4,12.5,33.1,421.9514446,168.7805778,06:53:20,6.888888889,19:38:12,19.63666667,12:44:52,12.74777778,3,3,
30/03/2023,87.7,13.6,110.6,1417.185389,566.8741555,06:51:04,6.851111111,19:39:53,19.66472222,12:48:49,12.81361111,3,3,
31/03/2023,99.4,16.2,73.6,947.9066667,379.1626667,06:48:48,6.813333333,19:41:33,19.6925,12:52:45,12.87916667,4,4,
01/04/2023,94.3,28.2,107.2,1387.704,555.0816002,06:46:32,6.775555556,19:43:14,19.72055556,12:56:42,12.945,4,4,
02/04/2023,72.4,35.2,114,1483.203333,593.2813332,06:44:16,6.737777778,19:44:54,19.74833333,13:00:38,13.01055556,5,5,
03/04/2023,17.5,26.9,250.8,3279.488667,1311.795467,06:42:01,6.700277778,19:46:35,19.77638889,13:04:34,13.07611111,5,5,
04/04/2023,7.8,22.4,231.9,3047.488084,1218.995234,06:39:46,6.662777778,19:48:15,19.80416667,13:08:29,13.14138889,5,5,
05/04/2023,96.2,9.3,57.9,764.6659997,305.8663999,06:37:31,6.625277778,19:49:55,19.83194444,13:12:24,13.20666667,6,6,
06/04/2023,76.5,30.3,172.9,2294.671166,917.8684665,06:35:17,6.588055556,19:51:35,19.85972222,13:16:18,13.27166667,6,6,
07/04/2023,6.4,37.5,231.5,3087.502639,1235.001056,06:33:03,6.550833333,19:53:16,19.88777778,13:20:13,13.33694444,6,6,
08/04/2023,23.3,28,146.5,1963.344167,785.3376669,06:30:50,6.513888889,19:54:56,19.91555556,13:24:06,13.40166667,7,7,
09/04/2023,65.3,14.7,163.3,2199.061305,879.624522,06:28:37,6.476944444,19:56:36,19.94333333,13:27:59,13.46638889,7,7,
10/04/2023,78.5,21.2,198.8,2689.984889,1075.993955,06:26:24,6.44,19:58:16,19.97111111,13:31:52,13.53111111,8,8,
11/04/2023,72.2,19.4,84.1,1143.386223,457.354489,06:24:13,6.403611111,19:59:57,19.99916667,13:35:44,13.59555556,8,8,
12/04/2023,73.5,22.5,103.8,1417.908,567.1631998,06:22:01,6.366944444,20:01:37,20.02694444,13:39:36,13.66,8,8,
13/04/2023,41.6,31.9,194.7,2672.041166,1068.816467,06:19:51,6.330833333,20:03:17,20.05472222,13:43:26,13.72388889,9,9,
14/04/2023,88.3,26.1,58.2,802.4486667,320.9794667,06:17:41,6.294722222,20:04:57,20.0825,13:47:16,13.78777778,9,9,
15/04/2023,43.8,33.1,250.4,3468.457334,1387.382934,06:15:31,6.258611111,20:06:37,20.11027778,13:51:06,13.85166667,9,9,
16/04/2023,95.2,31,67.2,935.1066664,374.0426666,06:13:23,6.223055556,20:08:18,20.13833333,13:54:55,13.91527778,10,10,
17/04/2023,90.3,22.4,67.1,937.9648055,375.1859222,06:11:15,6.1875,20:09:58,20.16611111,13:58:43,13.97861111,10,10,
18/04/2023,67.6,16.3,166.3,2335.129167,934.0516668,06:09:08,6.152222222,20:11:38,20.19388889,14:02:30,14.04166667,10,10,
19/04/2023,60.9,19.6,132.1,1863.233806,745.2935224,06:07:01,6.116944444,20:13:18,20.22166667,14:06:17,14.10472222,11,11,
20/04/2023,15.5,32.6,273.1,3869.068388,1547.627355,06:04:56,6.082222222,20:14:58,20.24944444,14:10:02,14.16722222,11,11,
21/04/2023,69.9,19.2,113.2,1610.773111,644.3092443,06:02:52,6.047777778,20:16:38,20.27722222,14:13:46,14.22944444,12,12,
22/04/2023,59.2,11.3,146.8,2097.975889,839.1903554,06:00:48,6.013333333,20:18:17,20.30472222,14:17:29,14.29138889,12,12,
23/04/2023,79.6,19.1,176.5,2533.363333,1013.345333,05:58:45,5.979166667,20:19:57,20.3325,14:21:12,14.35333333,12,12,
24/04/2023,76.5,21.1,75,1081.104167,432.4416667,05:56:44,5.945555556,20:21:37,20.36027778,14:24:53,14.41472222,13,13,
25/04/2023,43.6,30.3,229.7,3325.098917,1330.039567,05:54:43,5.911944444,20:23:16,20.38777778,14:28:33,14.47583333,13,13,
26/04/2023,94.6,25.2,120.4,1750.181222,700.072489,05:52:44,5.878888889,20:24:55,20.41527778,14:32:11,14.53638889,13,13,
27/04/2023,86.8,12.3,53.9,786.790278,314.7161112,05:50:45,5.845833333,20:26:35,20.44305556,14:35:50,14.59722222,13,13,
28/04/2023,87.3,29.1,230.1,3372.562917,1349.025167,05:48:48,5.813333333,20:28:13,20.47027778,14:39:25,14.65694444,14,14,
29/04/2023,62.4,10,150.8,2219.273334,887.7093335,05:46:52,5.781111111,20:29:52,20.49777778,14:43:00,14.71666667,14,14,
30/04/2023,72.4,7.9,69.7,1029.875584,411.9502334,05:44:58,5.749444444,20:31:31,20.52527778,14:46:33,14.77583333,14,14,
01/05/2023,67.4,26.8,182.5,2707.336806,1082.934722,05:43:04,5.717777778,20:33:09,20.5525,14:50:05,14.83472222,15,15,
02/05/2023,62.6,19.1,164,2442.461111,976.9844443,05:41:12,5.686666667,20:34:47,20.57972222,14:53:35,14.89305556,15,15,
03/05/2023,21,28.3,275.9,4124.858279,1649.943311,05:39:22,5.656111111,20:36:24,20.60666667,14:57:02,14.95055556,15,15,
04/05/2023,78.1,17.7,162,2431.35,972.54,05:37:32,5.625555556,20:38:02,20.63388889,15:00:30,15.00833333,16,16,
05/05/2023,86.3,18.3,167.4,2521.834501,1008.7338,05:35:45,5.595833333,20:39:38,20.66055556,15:03:53,15.06472222,16,16,
06/05/2023,88.3,12.1,75.5,1141.643889,456.6575556,05:33:59,5.566388889,20:41:15,20.6875,15:07:16,15.12111111,16,16,
07/05/2023,76.7,20.2,242,3672.820556,1469.128223,05:32:14,5.537222222,20:42:51,20.71416667,15:10:37,15.17694444,16,16,
08/05/2023,90.1,16.9,62.5,951.9965281,380.7986112,05:30:31,5.508611111,20:44:26,20.74055556,15:13:55,15.23194444,17,17,
09/05/2023,94.4,19.9,143.8,2198.182722,879.2730886,05:28:50,5.480555556,20:46:01,20.76694444,15:17:11,15.28638889,17,17,
10/05/2023,74.6,22.7,230.7,3539.002084,1415.600834,05:27:10,5.452777778,20:47:35,20.79305556,15:20:25,15.34027778,17,17,
11/05/2023,68.6,27,260.2,4005.345334,1602.138133,05:25:32,5.425555556,20:49:08,20.81888889,15:23:36,15.39333333,17,17,
12/05/2023,73.5,25,195.9,3025.83875,1210.3355,05:23:56,5.398888889,20:50:41,20.84472222,15:26:45,15.44583333,18,18,
13/05/2023,62.2,16.9,218.3,3383.10425,1353.2417,05:22:22,5.372777778,20:52:13,20.87027778,15:29:51,15.4975,18,18,
14/05/2023,67.4,16.2,226.7,3524.87014,1409.948056,05:20:49,5.346944444,20:53:44,20.89555556,15:32:55,15.54861111,18,18,
15/05/2023,56,36.2,264.8,4130.585777,1652.234311,05:19:19,5.321944444,20:55:15,20.92083333,15:35:56,15.59888889,18,18,
16/05/2023,28.1,28.6,256.1,4007.467029,1602.986812,05:17:51,5.2975,20:56:44,20.94555556,15:38:53,15.64805556,19,19,
17/05/2023,28.6,23.2,278.5,4371.521667,1748.608667,05:16:25,5.273611111,20:58:13,20.97027778,15:41:48,15.69666667,19,19,
18/05/2023,66,24.9,276.1,4347.04111,1738.816444,05:15:00,5.25,20:59:40,20.99444444,15:44:40,15.74444444,19,19,
19/05/2023,66.6,23.6,258.9,4088.318666,1635.327466,05:13:38,5.227222222,21:01:06,21.01833333,15:47:28,15.79111111,19,19,
20/05/2023,13.4,22.9,308.3,4882.529971,1953.011989,05:12:19,5.205277778,21:02:32,21.04222222,15:50:13,15.83694444,19,19,
21/05/2023,15,35.8,303.6,4821.674001,1928.6696,05:11:01,5.183611111,21:03:55,21.06527778,15:52:54,15.88166667,20,20,
22/05/2023,30.7,28.7,288.9,4600.892999,1840.3572,05:09:46,5.162777778,21:05:18,21.08833333,15:55:32,15.92555556,20,20,
23/05/2023,23.7,28.4,208.8,3334.187999,1333.6752,05:08:33,5.1425,21:06:39,21.11083333,15:58:06,15.96833333,20,20,
24/05/2023,7.7,20.5,324.7,5198.537196,2079.414878,05:07:22,5.122777778,21:07:59,21.13305556,16:00:37,16.01027778,20,20,
25/05/2023,26.4,19.9,226.9,3641.997111,1456.798844,05:06:14,5.103888889,21:09:18,21.155,16:03:04,16.05111111,20,20,
26/05/2023,7.8,25.6,329.7,5305.056167,2122.022467,05:05:09,5.085833333,21:10:35,21.17638889,16:05:26,16.09055556,21,21,
27/05/2023,7.2,23.8,331.6,5348.339555,2139.335822,05:04:06,5.068333333,21:11:50,21.19722222,16:07:44,16.12888889,21,21,
28/05/2023,16.6,26.8,250.3,4046.377611,1618.551044,05:03:05,5.051388889,21:13:03,21.2175,16:09:58,16.16611111,21,21,
29/05/2023,13.2,28.3,316.3,5124.675028,2049.870011,05:02:08,5.035555556,21:14:15,21.2375,16:12:07,16.20194444,21,21,
30/05/2023,36.9,25.4,311.8,5062.679276,2025.071711,05:01:12,5.02,21:15:25,21.25694444,16:14:13,16.23694444,21,21,
31/05/2023,80.6,39.2,190.1,3092.979805,1237.191922,05:00:20,5.005555556,21:16:33,21.27583333,16:16:13,16.27027778,21,21,
01/06/2023,63.1,21.9,286.8,4675.557001,1870.2228,04:59:30,4.991666667,21:17:39,21.29416667,16:18:09,16.3025,21,21,
02/06/2023,51.5,31.6,306.9,5012.614749,2005.045899,04:58:44,4.978888889,21:18:43,21.31194444,16:19:59,16.33305556,22,22,
03/06/2023,19,26.5,331.3,5420.896251,2168.3585,04:58:00,4.966666667,21:19:45,21.32916667,16:21:45,16.3625,22,22,
04/06/2023,7.3,37,332.8,5454.77689,2181.910756,04:57:18,4.955,21:20:44,21.34555556,16:23:26,16.39055556,22,22,
05/06/2023,34.5,30.9,245.3,4027.144612,1610.857845,04:56:40,4.944444444,21:21:42,21.36166667,16:25:02,16.41722222,22,22,
06/06/2023,72.9,31.5,142.7,2346.305111,938.5220442,04:56:05,4.934722222,21:22:37,21.37694444,16:26:32,16.44222222,22,22,
07/06/2023,25.8,24.8,306.7,5050.071084,2020.028433,04:55:32,4.925555556,21:23:29,21.39138889,16:27:57,16.46583333,22,22,
08/06/2023,16,23.5,320,5276.177779,2110.471112,04:55:03,4.9175,21:24:20,21.40555556,16:29:17,16.48805556,22,22,
09/06/2023,11.4,24,311.5,5142.432361,2056.972945,04:54:37,4.910277778,21:25:08,21.41888889,16:30:31,16.50861111,22,22,
10/06/2023,49.7,13.8,202.9,3353.486111,1341.394445,04:54:13,4.903611111,21:25:53,21.43138889,16:31:40,16.52777778,22,22,
11/06/2023,75.9,16,124.6,2061.507,824.6028002,04:53:53,4.898055556,21:26:35,21.44305556,16:32:42,16.545,23,23,
12/06/2023,56.9,16.3,241.1,3992.88389,1597.153556,04:53:35,4.893055556,21:27:15,21.45416667,16:33:40,16.56111111,23,23,
13/06/2023,13.9,17.8,318.5,5279.225971,2111.690388,04:53:21,4.889166667,21:27:52,21.46444444,16:34:31,16.57527778,23,23,
14/06/2023,7.7,24.9,322.3,5346.330307,2138.532123,04:53:10,4.886111111,21:28:27,21.47416667,16:35:17,16.58805556,23,23,
15/06/2023,21.9,21.1,292.8,4860.154667,1944.061867,04:53:02,4.883888889,21:28:58,21.48277778,16:35:56,16.59888889,23,23,
16/06/2023,9.9,30.7,243.1,4037.485833,1614.994333,04:52:57,4.8825,21:29:27,21.49083333,16:36:30,16.60833333,23,23,
17/06/2023,61.7,22.3,213.1,3540.893279,1416.357312,04:52:55,4.881944444,21:29:53,21.49805556,16:36:58,16.61611111,23,23,
18/06/2023,65.8,12.6,144.5,2401.911111,960.7644442,04:52:56,4.882222222,21:30:16,21.50444444,16:37:20,16.62222222,23,23,
19/06/2023,47.3,25.7,265.2,4409.392,1763.7568,04:53:00,4.883333333,21:30:36,21.51,16:37:36,16.62666667,23,23,
20/06/2023,82.8,30.5,224.5,3733.310277,1493.324111,04:53:07,4.885277778,21:30:53,21.51472222,16:37:46,16.62944444,23,23,
21/06/2023,45.3,27.1,242.5,4032.909722,1613.163889,04:53:17,4.888055556,21:31:07,21.51861111,16:37:50,16.63055556,23,23,
22/06/2023,36.4,25,315.7,5250.003306,2100.001322,04:53:30,4.891666667,21:31:17,21.52138889,16:37:47,16.62972222,23,23,
23/06/2023,33.1,25.5,220.5,3666.36375,1466.5455,04:53:46,4.896111111,21:31:25,21.52361111,16:37:39,16.6275,23,23,
24/06/2023,55,29.7,220.1,3658.795667,1463.518267,04:54:06,4.901666667,21:31:30,21.525,16:37:24,16.62333333,23,23,
25/06/2023,23.7,28.7,281.6,4679.488001,1871.7952,04:54:28,4.907777778,21:31:31,21.52527778,16:37:03,16.6175,23,23,
26/06/2023,40.1,26.5,275.9,4582.852278,1833.140911,04:54:52,4.914444444,21:31:30,21.525,16:36:38,16.61055556,23,23,
27/06/2023,97.5,23.3,113,1875.956944,750.3827777,04:55:20,4.922222222,21:31:25,21.52361111,16:36:05,16.60138889,23,23,
28/06/2023,96.4,17.8,96.7,1604.333584,641.7334335,04:55:51,4.930833333,21:31:18,21.52166667,16:35:27,16.59083333,23,23,
29/06/2023,54.1,26.9,246.1,4079.996194,1631.998478,04:56:24,4.94,21:31:07,21.51861111,16:34:43,16.57861111,23,23,
30/06/2023,83.9,26.9,101,1673.036944,669.2147777,04:57:00,4.95,21:30:53,21.51472222,16:33:53,16.56472222,23,23,
01/07/2023,80.2,22.3,230.6,3816.301889,1526.520756,04:57:38,4.960555556,21:30:36,21.51,16:32:58,16.54944444,23,23,
02/07/2023,66.2,18.8,257.1,4250.434334,1700.173734,04:58:19,4.971944444,21:30:15,21.50416667,16:31:56,16.53222222,23,23,
03/07/2023,75.7,23.1,232.7,3842.717306,1537.086922,04:59:03,4.984166667,21:29:52,21.49777778,16:30:49,16.51361111,23,23,
04/07/2023,94.5,19.6,50.3,829.6286391,331.8514557,04:59:49,4.996944444,21:29:26,21.49055556,16:29:37,16.49361111,22,22,
05/07/2023,57.4,34.7,326.4,5376.442667,2150.577067,05:00:38,5.010555556,21:28:57,21.4825,16:28:19,16.47194444,22,22,
06/07/2023,60.5,34.6,259.1,4261.835138,1704.734055,05:01:29,5.024722222,21:28:24,21.47333333,16:26:55,16.44861111,22,22,
07/07/2023,12,36.8,344.5,5658.125416,2263.250167,05:02:22,5.039444444,21:27:49,21.46361111,16:25:27,16.42416667,22,22,
08/07/2023,56.9,20.1,83.4,1367.597834,547.0391335,05:03:18,5.055,21:27:11,21.45305556,16:23:53,16.39805556,22,22,
09/07/2023,55.3,16.8,193.2,3162.737667,1265.095067,05:04:16,5.071111111,21:26:29,21.44138889,16:22:13,16.37027778,22,22,
10/07/2023,77.3,18.2,105.7,1727.284806,690.9139224,05:05:16,5.087777778,21:25:45,21.42916667,16:20:29,16.34138889,22,22,
11/07/2023,86.8,20.1,180.6,2945.786666,1178.314667,05:06:18,5.105,21:24:58,21.41611111,16:18:40,16.31111111,22,22,
12/07/2023,53.1,19,244.7,3983.648027,1593.459211,05:07:21,5.1225,21:24:08,21.40222222,16:16:47,16.27972222,22,22,
13/07/2023,76.2,19.4,195.9,3182.776417,1273.110567,05:08:27,5.140833333,21:23:16,21.38777778,16:14:49,16.24694444,21,21,
14/07/2023,94.7,13.8,39.9,646.8898333,258.7559333,05:09:35,5.159722222,21:22:21,21.3725,16:12:46,16.21277778,21,21,
15/07/2023,84.8,15.9,159,2572.2225,1028.889,05:10:44,5.178888889,21:21:23,21.35638889,16:10:39,16.1775,21,21,
16/07/2023,78.5,19.9,161.5,2606.744583,1042.697833,05:11:55,5.198611111,21:20:22,21.33944444,16:08:27,16.14083333,21,21,
17/07/2023,44.4,18.4,261.4,4209.338721,1683.735488,05:13:08,5.218888889,21:19:19,21.32194444,16:06:11,16.10305556,21,21,
18/07/2023,85.1,27.9,169.2,2718.057,1087.2228,05:14:22,5.239444444,21:18:13,21.30361111,16:03:51,16.06416667,21,21,
19/07/2023,70.1,29.4,216.6,3470.774332,1388.309733,05:15:38,5.260555556,21:17:04,21.28444444,16:01:26,16.02388889,20,20,
20/07/2023,43.1,23.4,231.2,3695.282445,1478.112978,05:16:55,5.281944444,21:15:54,21.265,15:58:59,15.98305556,20,20,
21/07/2023,38.5,24.5,129.2,2059.555666,823.8222664,05:18:13,5.303611111,21:14:40,21.24444444,15:56:27,15.94083333,20,20,
22/07/2023,94.4,12.7,88.2,1402.184,560.8736,05:19:33,5.325833333,21:13:25,21.22361111,15:53:52,15.89777778,20,20,
23/07/2023,90.3,15.7,237.4,3763.647277,1505.458911,05:20:54,5.348333333,21:12:07,21.20194444,15:51:13,15.85361111,20,20,
24/07/2023,89,24.3,93.6,1479.686,591.8743999,05:22:16,5.371111111,21:10:47,21.17972222,15:48:31,15.80861111,20,20,
25/07/2023,58.2,31.9,164.2,2588.15689,1035.262756,05:23:40,5.394444444,21:09:24,21.15666667,15:45:44,15.76222222,19,19,
26/07/2023,46.8,24.7,138.3,2173.461333,869.3845331,05:25:04,5.417777778,21:08:00,21.13333333,15:42:56,15.71555556,19,19,
27/07/2023,95.7,28.8,177.9,2787.297667,1114.919067,05:26:29,5.441388889,21:06:33,21.10916667,15:40:04,15.66777778,19,19,
28/07/2023,95,38.5,142.4,2224.169333,889.6677331,05:27:55,5.465277778,21:05:04,21.08444444,15:37:09,15.61916667,19,19,
29/07/2023,76.1,29.1,243.2,3786.556445,1514.622578,05:29:22,5.489444444,21:03:33,21.05916667,15:34:11,15.56972222,18,18,
30/07/2023,93.1,21.8,83.7,1298.9775,519.5909999,05:30:50,5.513888889,21:02:00,21.03333333,15:31:10,15.51944444,18,18,
31/07/2023,91.5,19.6,102.7,1588.626361,635.4505444,05:32:19,5.538611111,21:00:26,21.00722222,15:28:07,15.46861111,18,18,
01/08/2023,79.6,22.9,245.2,3780.234778,1512.093911,05:33:48,5.563333333,20:58:49,20.98027778,15:25:01,15.41694444,18,18,
02/08/2023,90.9,24.3,132.3,2032.752751,813.1011003,05:35:18,5.588333333,20:57:11,20.95305556,15:21:53,15.36472222,17,17,
03/08/2023,82.4,34.6,173.3,2653.463694,1061.385478,05:36:49,5.613611111,20:55:30,20.925,15:18:41,15.31138889,17,17,
04/08/2023,83.9,34.1,141.4,2157.449778,862.9799113,05:38:20,5.638888889,20:53:48,20.89666667,15:15:28,15.25777778,17,17,
05/08/2023,92.6,24.5,88.1,1339.462611,535.7850446,05:39:51,5.664166667,20:52:05,20.86805556,15:12:14,15.20388889,17,17,
06/08/2023,50.5,34,168.8,2557.132444,1022.852978,05:41:23,5.689722222,20:50:19,20.83861111,15:08:56,15.14888889,17,17,
07/08/2023,33.8,28.5,254.7,3844.342751,1537.7371,05:42:56,5.715555556,20:48:33,20.80916667,15:05:37,15.09361111,16,16,
08/08/2023,97.6,29.1,84.9,1276.68375,510.6735,05:44:29,5.741388889,20:46:44,20.77888889,15:02:15,15.0375,16,16,
09/08/2023,47.9,31,282.4,4230.665777,1692.266311,05:46:02,5.767222222,20:44:54,20.74833333,14:58:52,14.98111111,16,16,
10/08/2023,44.9,24.4,214.5,3201.23375,1280.4935,05:47:36,5.793333333,20:43:03,20.7175,14:55:27,14.92416667,16,16,
11/08/2023,64.1,22.8,224.4,3336.142333,1334.456933,05:49:09,5.819166667,20:41:10,20.68611111,14:52:01,14.86694444,15,15,
12/08/2023,80,19.1,170.4,2523.434666,1009.373866,05:50:44,5.845555556,20:39:16,20.65444444,14:48:32,14.80888889,15,15,
13/08/2023,95.8,27.4,129.1,1904.332583,761.7330333,05:52:18,5.871666667,20:37:21,20.6225,14:45:03,14.75083333,15,15,
14/08/2023,78.5,24.4,102.7,1508.891222,603.5564889,05:53:52,5.897777778,20:35:24,20.59,14:41:32,14.69222222,14,14,
15/08/2023,34.4,31.5,256.5,3753.378749,1501.3515,05:55:27,5.924166667,20:33:26,20.55722222,14:37:59,14.63305556,14,14,
16/08/2023,23.3,30.1,276.6,4031.060834,1612.424334,05:57:02,5.950555556,20:31:27,20.52416667,14:34:25,14.57361111,14,14,
17/08/2023,52.4,18.5,102.9,1493.479166,597.3916665,05:58:37,5.976944444,20:29:27,20.49083333,14:30:50,14.51388889,13,13,
18/08/2023,93.1,11.9,35.1,507.3314999,202.9326,06:00:12,6.003333333,20:27:26,20.45722222,14:27:14,14.45388889,13,13,
19/08/2023,70.6,19,143.8,2069.761334,827.9045336,06:01:47,6.029722222,20:25:23,20.42305556,14:23:36,14.39333333,13,13,
20/08/2023,61.5,17.9,190.3,2727.47475,1090.9899,06:03:23,6.056388889,20:23:20,20.38888889,14:19:57,14.3325,12,12,
21/08/2023,69.6,21.9,103.5,1477.08875,590.8355001,06:04:58,6.082777778,20:21:15,20.35416667,14:16:17,14.27138889,12,12,
22/08/2023,66.8,19.1,240.3,3414.729749,1365.8919,06:06:33,6.109166667,20:19:10,20.31944444,14:12:37,14.21027778,12,12,
23/08/2023,45.5,23.8,196.3,2777.37236,1110.948944,06:08:09,6.135833333,20:17:04,20.28444444,14:08:55,14.14861111,11,11,
24/08/2023,55.2,24.9,235.4,3316.066723,1326.426689,06:09:44,6.162222222,20:14:57,20.24916667,14:05:13,14.08694444,11,11,
25/08/2023,62,34.5,170.7,2394.020083,957.6080332,06:11:20,6.188888889,20:12:49,20.21361111,14:01:29,14.02472222,11,11,
26/08/2023,57.8,31.3,225.6,3149.94,1259.976,06:12:55,6.215277778,20:10:40,20.17777778,13:57:45,13.9625,10,10,
27/08/2023,68.2,33,162.3,2255.924917,902.3699669,06:14:31,6.241944444,20:08:30,20.14166667,13:53:59,13.89972222,10,10,
28/08/2023,89.5,35.1,146.2,2023.00189,809.2007558,06:16:06,6.268333333,20:06:20,20.10555556,13:50:14,13.83722222,10,10,
29/08/2023,91.9,28.6,67.2,925.6426669,370.2570668,06:17:41,6.294722222,20:04:09,20.06916667,13:46:28,13.77444444,9,9,
30/08/2023,54.3,25.3,160.8,2204.746667,881.8986667,06:19:17,6.321388889,20:01:57,20.0325,13:42:40,13.71111111,9,9,
31/08/2023,97.4,16.9,66.7,910.3253053,364.1301221,06:20:52,6.347777778,19:59:45,19.99583333,13:38:53,13.64805556,9,9,
01/09/2023,84.3,23.1,123,1670.886667,668.3546667,06:22:28,6.374444444,19:57:32,19.95888889,13:35:04,13.58444444,8,8,
02/09/2023,58.1,21.5,150.3,2032.222999,812.8891998,06:24:03,6.400833333,19:55:19,19.92194444,13:31:16,13.52111111,8,8,
03/09/2023,7.3,24.6,230.2,3097.9165,1239.1666,06:25:38,6.427222222,19:53:05,19.88472222,13:27:27,13.4575,8,8,
04/09/2023,0,21.8,221.6,2967.962666,1187.185066,06:27:14,6.453888889,19:50:50,19.84722222,13:23:36,13.39333333,7,7,
05/09/2023,0.2,23.2,204.7,2728.537277,1091.414911,06:28:49,6.480277778,19:48:35,19.80972222,13:19:46,13.32944444,7,7,
06/09/2023,6.6,15.9,198.5,2633.212777,1053.285111,06:30:24,6.506666667,19:46:20,19.77222222,13:15:56,13.26555556,7,7,
07/09/2023,20.9,17.3,142.5,1881.158333,752.4633331,06:32:00,6.533333333,19:44:04,19.73444444,13:12:04,13.20111111,6,6,
08/09/2023,26.1,17.5,160.7,2111.106973,844.4427891,06:33:35,6.559722222,19:41:48,19.69666667,13:08:13,13.13694444,6,6,
09/09/2023,25.7,14.3,171.9,2247.2105,898.8842001,06:35:10,6.586111111,19:39:32,19.65888889,13:04:22,13.07277778,5,5,
10/09/2023,52,13,92.4,1201.944333,480.7777332,06:36:46,6.612777778,19:37:15,19.62083333,13:00:29,13.00805556,5,5,
11/09/2023,86.3,17.3,68.6,887.9317224,355.1726889,06:38:21,6.639166667,19:34:58,19.58277778,12:56:37,12.94361111,5,5,
12/09/2023,93.5,25.2,65,837.109722,334.8438888,06:39:57,6.665833333,19:32:40,19.54444444,12:52:43,12.87861111,4,4,
13/09/2023,46.4,31,194.1,2487.22975,994.8919001,06:41:32,6.692222222,19:30:23,19.50638889,12:48:51,12.81416667,4,4,
14/09/2023,53.5,18.7,98.8,1259.645112,503.8580446,06:43:07,6.718611111,19:28:05,19.46805556,12:44:58,12.74944444,3,3,
15/09/2023,32.2,16.6,149,1889.982222,755.9928887,06:44:43,6.745277778,19:25:47,19.42972222,12:41:04,12.68444444,3,3,
16/09/2023,64,9.3,38.3,483.3353611,193.3341445,06:46:18,6.771666667,19:23:29,19.39138889,12:37:11,12.61972222,2,2,
17/09/2023,91.8,13.6,29.8,374.1307224,149.6522889,06:47:54,6.798333333,19:21:11,19.35305556,12:33:17,12.55472222,2,2,
18/09/2023,69.4,21.9,157.3,1964.633305,785.8533221,06:49:30,6.825,19:18:53,19.31472222,12:29:23,12.48972222,2,2,
19/09/2023,90.9,18.5,56.2,698.2537777,279.3015111,06:51:06,6.851666667,19:16:34,19.27611111,12:25:28,12.42444444,1,1,
20/09/2023,95.5,14.9,28,346.0644445,138.4257778,06:52:42,6.878333333,19:14:16,19.23777778,12:21:34,12.35944444,1,1,
21/09/2023,44.2,25.4,133.5,1641.308333,656.5233331,06:54:18,6.905,19:11:58,19.19944444,12:17:40,12.29444444,0,0,
22/09/2023,39.6,26.1,111.6,1364.775,545.9099998,06:55:54,6.931666667,19:09:39,19.16083333,12:13:45,12.22916667,0,0,
23/09/2023,41.7,26.7,120.8,1469.431333,587.7725333,06:57:30,6.958333333,19:07:21,19.1225,12:09:51,12.16416667,0,0,
24/09/2023,94.8,11.8,47,568.6608335,227.4643334,06:59:06,6.985,19:05:03,19.08416667,12:05:57,12.09916667,0,0,
25/09/2023,36.2,13,163.8,1971.151,788.4603998,07:00:43,7.011944444,19:02:45,19.04583333,12:02:02,12.03388889,0,0,
26/09/2023,70.1,17.8,122,1460.170556,584.0682222,07:02:20,7.038888889,19:00:27,19.0075,11:58:07,11.96861111,1,-1,
27/09/2023,88.4,16.1,45,535.6500002,214.2600001,07:03:57,7.065833333,18:58:09,18.96916667,11:54:12,11.90333333,1,-1,
28/09/2023,83.6,14.5,66.5,787.2491666,314.8996666,07:05:34,7.092777778,18:55:52,18.93111111,11:50:18,11.83833333,1,-1,
29/09/2023,56.8,18.5,149.8,1763.603723,705.441489,07:07:11,7.119722222,18:53:34,18.89277778,11:46:23,11.77305556,2,-2,
30/09/2023,89.4,22.4,68,796.1477776,318.459111,07:08:48,7.146666667,18:51:17,18.85472222,11:42:29,11.70805556,2,-2,
01/10/2023,94.7,20,81.2,945.4161107,378.1664443,07:10:26,7.173888889,18:49:01,18.81694444,11:38:35,11.64305556,2,-2,
02/10/2023,97.6,14,46.2,534.8933334,213.9573334,07:12:04,7.201111111,18:46:44,18.77888889,11:34:40,11.57777778,3,-3,
03/10/2023,60.1,23.5,134.3,1546.166055,618.4664222,07:13:42,7.228333333,18:44:28,18.74111111,11:30:46,11.51277778,3,-3,
04/10/2023,76.5,22.7,90.2,1032.589555,413.0358222,07:15:21,7.255833333,18:42:13,18.70361111,11:26:52,11.44777778,4,-4,
05/10/2023,74.6,23,88.7,1009.677028,403.8708111,07:16:59,7.283055556,18:39:58,18.66611111,11:22:59,11.38305556,4,-4,
06/10/2023,62.7,22.4,81.4,921.2897221,368.5158888,07:18:38,7.310555556,18:37:43,18.62861111,11:19:05,11.31805556,4,-4,
07/10/2023,33.3,12.9,131.3,1477.526195,591.0104779,07:20:18,7.338333333,18:35:29,18.59138889,11:15:11,11.25305556,5,-5,
08/10/2023,8.4,10.5,133.3,1491.404834,596.5619335,07:21:57,7.365833333,18:33:15,18.55416667,11:11:18,11.18833333,5,-5,
09/10/2023,38.9,8.4,109.8,1221.3725,488.5489999,07:23:37,7.393611111,18:31:02,18.51722222,11:07:25,11.12361111,6,-6,
10/10/2023,58.1,6.6,50.1,554.0642502,221.6257001,07:25:17,7.421388889,18:28:50,18.48055556,11:03:33,11.05916667,6,-6,
11/10/2023,90.1,8.6,51.4,565.1287223,226.0514889,07:26:57,7.449166667,18:26:38,18.44388889,10:59:41,10.99472222,6,-6,
12/10/2023,98.3,6.5,37.7,412.0714722,164.8285889,07:28:38,7.477222222,18:24:27,18.4075,10:55:49,10.93027778,7,-7,
13/10/2023,83.2,15.9,54,586.7549999,234.702,07:30:19,7.505277778,18:22:16,18.37111111,10:51:57,10.86583333,7,-7,
14/10/2023,21.8,27.9,131.1,1416.0985,566.4394,07:32:00,7.533333333,18:20:06,18.335,10:48:06,10.80166667,7,-7,
15/10/2023,5,29.1,118.9,1276.68875,510.6755001,07:33:42,7.561666667,18:17:57,18.29916667,10:44:15,10.7375,8,-8,
16/10/2023,59.1,28.3,60.1,641.4840277,256.5936111,07:35:24,7.59,18:15:49,18.26361111,10:40:25,10.67361111,8,-8,
17/10/2023,76,26.1,90.2,957.0219997,382.8087999,07:37:06,7.618333333,18:13:42,18.22833333,10:36:36,10.61,9,-9,
18/10/2023,93.6,15.2,25.1,264.707389,105.8829556,07:38:49,7.646944444,18:11:35,18.19305556,10:32:46,10.54611111,9,-9,
19/10/2023,91,16.9,67.5,707.5874997,283.0349999,07:40:32,7.675555556,18:09:30,18.15833333,10:28:58,10.48277778,9,-9,
20/10/2023,85,17.9,58.5,609.5374999,243.815,07:42:15,7.704166667,18:07:25,18.12361111,10:25:10,10.41944444,10,-10,
21/10/2023,75.2,24.2,43.2,447.4079998,178.9631999,07:43:58,7.732777778,18:05:22,18.08944444,10:21:24,10.35666667,10,-10,
22/10/2023,43.9,28.8,60.1,618.6460279,247.4584112,07:45:42,7.761666667,18:03:19,18.05527778,10:17:37,10.29361111,10,-10,
23/10/2023,53.5,20.1,57.5,588.2888891,235.3155556,07:47:26,7.790555556,18:01:18,18.02166667,10:13:52,10.23111111,11,-11,
24/10/2023,69.9,16.9,95.8,974.1795553,389.6718221,07:49:10,7.819444444,17:59:18,17.98833333,10:10:08,10.16888889,11,-11,
25/10/2023,78.8,13.6,68.9,696.3493335,278.5397334,07:50:55,7.848611111,17:57:19,17.95527778,10:06:24,10.10666667,11,-11,
26/10/2023,60.5,17.7,97.1,975.3425278,390.1370111,07:52:40,7.877777778,17:55:21,17.9225,10:02:41,10.04472222,12,-12,
27/10/2023,56.5,18.5,90.7,905.4631389,362.1852556,07:54:25,7.906944444,17:53:24,17.89,09:58:59,9.983055556,12,-12,
28/10/2023,67.5,17.1,52.2,517.9255002,207.1702001,07:56:10,7.936111111,17:51:29,17.85805556,09:55:19,9.921944444,12,-12,
29/10/2023,49.9,22.2,45.1,444.7361112,177.8944445,06:57:55,6.965277778,16:49:35,16.82638889,09:51:40,9.861111111,13,-13,
30/10/2023,43.8,18.9,79,774.2438891,309.6975556,06:59:41,6.994722222,16:47:43,16.79527778,09:48:02,9.800555556,13,-13,
31/10/2023,80.4,18.5,58,564.952222,225.9808888,07:01:26,7.023888889,16:45:52,16.76444444,09:44:26,9.740555556,13,-13,
01/11/2023,78.6,16.3,45.5,440.4652778,176.1861111,07:03:12,7.053333333,16:44:02,16.73388889,09:40:50,9.680555556,14,-14,
02/11/2023,96,15.5,14.7,141.4303333,56.57213334,07:04:58,7.082777778,16:42:14,16.70388889,09:37:16,9.621111111,14,-14,
03/11/2023,56.5,27.8,63.1,603.376222,241.3504888,07:06:44,7.112222222,16:40:28,16.67444444,09:33:44,9.562222222,14,-14,
04/11/2023,74.2,16.6,35.5,337.3781945,134.9512778,07:08:30,7.141666667,16:38:43,16.64527778,09:30:13,9.503611111,15,-15,
05/11/2023,65,27.9,73.3,692.3592225,276.943689,07:10:16,7.171111111,16:37:00,16.61666667,09:26:44,9.445555556,15,-15,
06/11/2023,52.9,23.8,44.1,414.0132499,165.6053,07:12:02,7.200555556,16:35:19,16.58861111,09:23:17,9.388055556,15,-15,
07/11/2023,40.3,23.4,72.3,674.6594166,269.8637666,07:13:47,7.229722222,16:33:40,16.56111111,09:19:53,9.331388889,16,-16,
08/11/2023,71.5,16,27.6,255.9823334,102.3929333,07:15:33,7.259166667,16:32:02,16.53388889,09:16:29,9.274722222,16,-16,
09/11/2023,70.5,23.6,45,414.8374999,165.935,07:17:19,7.288611111,16:30:26,16.50722222,09:13:07,9.218611111,16,-16,
10/11/2023,60.3,26.9,54.2,496.6677223,198.6670889,07:19:04,7.317777778,16:28:53,16.48138889,09:09:49,9.163611111,16,-16,
11/11/2023,26.6,21.8,56,510.0977776,204.039111,07:20:49,7.346944444,16:27:21,16.45583333,09:06:32,9.108888889,17,-17,
12/11/2023,93.9,14,11.7,105.9435,42.37739999,07:22:33,7.375833333,16:25:51,16.43083333,09:03:18,9.055,17,-17,
13/11/2023,87.6,14.1,40.3,362.7783613,145.1113445,07:24:17,7.404722222,16:24:24,16.40666667,09:00:07,9.001944444,17,-17,
14/11/2023,67.2,15.6,16.5,147.66125,59.06450002,07:26:01,7.433611111,16:22:58,16.38277778,08:56:57,8.949166667,18,-18,
15/11/2023,47.7,20.8,60.2,535.6294999,214.2518,07:27:44,7.462222222,16:21:35,16.35972222,08:53:51,8.8975,18,-18,
16/11/2023,87.3,18,19.2,169.856,67.9424,07:29:27,7.490833333,16:20:15,16.3375,08:50:48,8.846666667,18,-18,
17/11/2023,55.5,16.2,61.5,540.9779169,216.3911668,07:31:09,7.519166667,16:18:56,16.31555556,08:47:47,8.796388889,18,-18,
18/11/2023,95.6,13.2,18.5,161.8184721,64.72738886,07:32:51,7.5475,16:17:40,16.29444444,08:44:49,8.746944444,19,-19,
19/11/2023,87.8,16.6,15.3,133.08875,53.23550001,07:34:31,7.575277778,16:16:26,16.27388889,08:41:55,8.698611111,19,-19,
20/11/2023,89.9,27.1,45.1,390.1651112,156.0660445,07:36:11,7.603055556,16:15:15,16.25416667,08:39:04,8.651111111,19,-19,
21/11/2023,92.4,34.6,22.5,193.60625,77.44250002,07:37:50,7.630555556,16:14:07,16.23527778,08:36:17,8.604722222,19,-19,
22/11/2023,88.6,21.1,21.4,183.172111,73.26884441,07:39:27,7.6575,16:13:01,16.21694444,08:33:34,8.559444444,20,-20,
23/11/2023,85.1,21.1,47.3,402.7594998,161.1037999,07:41:04,7.684444444,16:11:58,16.19944444,08:30:54,8.515,20,-20,
24/11/2023,60.8,12.5,22.9,193.9948056,77.59792222,07:42:40,7.711111111,16:10:57,16.1825,08:28:17,8.471388889,20,-20,
25/11/2023,16.6,11.7,52,438.3166667,175.3266667,07:44:14,7.737222222,16:09:59,16.16638889,08:25:45,8.429166667,20,-20,
26/11/2023,94.4,8.6,9.3,78.00891665,31.20356666,07:45:47,7.763055556,16:09:04,16.15111111,08:23:17,8.388055556,20,-20,
27/11/2023,87.1,19.1,20.1,167.7959167,67.11836669,07:47:19,7.788611111,16:08:12,16.13666667,08:20:53,8.348055556,21,-21,
28/11/2023,82.2,22,21.5,178.6530557,71.46122226,07:48:49,7.813611111,16:07:23,16.12305556,08:18:34,8.309444444,21,-21,
29/11/2023,72.8,13.4,27.7,229.1405556,91.65622224,07:50:17,7.838055556,16:06:37,16.11027778,08:16:20,8.272222222,21,-21,
30/11/2023,58.5,10.6,15.7,129.3069444,51.72277776,07:51:44,7.862222222,16:05:54,16.09833333,08:14:10,8.236111111,21,-21,
01/12/2023,59.7,7.4,16.7,136.9585555,54.78342221,07:53:10,7.886111111,16:05:14,16.08722222,08:12:04,8.201111111,21,-21,
02/12/2023,86.5,5.7,25.1,205.0112221,82.00448884,07:54:33,7.909166667,16:04:37,16.07694444,08:10:04,8.167777778,21,-21,
03/12/2023,83.7,10.8,12.8,104.1386667,41.65546666,07:55:54,7.931666667,16:04:03,16.0675,08:08:09,8.135833333,22,-22,
04/12/2023,94.6,6.6,4.2,34.04216668,13.61686667,07:57:14,7.953888889,16:03:33,16.05916667,08:06:19,8.105277778,22,-22,
05/12/2023,95.6,20.4,20.1,162.3298334,64.93193334,07:58:31,7.975277778,16:03:05,16.05138889,08:04:34,8.076111111,22,-22,
06/12/2023,82.5,9.7,27.5,221.3291666,88.53166664,07:59:47,7.996388889,16:02:41,16.04472222,08:02:54,8.048333333,22,-22,
07/12/2023,95.1,9.4,3.1,24.86888889,9.947555557,08:01:00,8.016666667,16:02:20,16.03888889,08:01:20,8.022222222,22,-22,
08/12/2023,68.1,10.7,29.2,233.5432223,93.41728893,08:02:10,8.036111111,16:02:03,16.03416667,07:59:53,7.998055556,22,-22,
09/12/2023,86.3,9.7,19.7,157.1129723,62.84518891,08:03:18,8.055,16:01:49,16.03027778,07:58:31,7.975277778,22,-22,
10/12/2023,80.3,10.7,16.8,133.6253333,53.45013332,08:04:24,8.073333333,16:01:38,16.02722222,07:57:14,7.953888889,22,-22,
11/12/2023,83.7,11,23.8,188.8331667,75.53326667,08:05:27,8.090833333,16:01:30,16.025,07:56:03,7.934166667,22,-22,
12/12/2023,88.7,11.1,16.8,132.9906667,53.19626667,08:06:28,8.107777778,16:01:26,16.02388889,07:54:58,7.916111111,22,-22,
13/12/2023,86,13.8,13.5,106.65,42.66000001,08:07:26,8.123888889,16:01:26,16.02388889,07:54:00,7.9,22,-22,
14/12/2023,79.3,11.5,23.7,186.8876666,74.75506664,08:08:21,8.139166667,16:01:29,16.02472222,07:53:08,7.885555556,23,-23,
15/12/2023,87.6,11.5,14.5,114.1552778,45.66211112,08:09:13,8.153611111,16:01:35,16.02638889,07:52:22,7.872777778,23,-23,
16/12/2023,100,12.9,13,102.2016667,40.88066667,08:10:02,8.167222222,16:01:44,16.02888889,07:51:42,7.861666667,23,-23,
17/12/2023,97.9,12.2,11.7,91.871,36.7484,08:10:49,8.180277778,16:01:57,16.0325,07:51:08,7.852222222,23,-23,
18/12/2023,96.4,11.5,13,101.985,40.79399999,08:11:32,8.192222222,16:02:14,16.03722222,07:50:42,7.845,23,-23,
19/12/2023,73,8.1,10.8,84.66600003,33.86640001,08:12:12,8.203333333,16:02:34,16.04277778,07:50:22,7.839444444,23,-23,
20/12/2023,86.6,11.9,21.4,167.680889,67.07235559,08:12:49,8.213611111,16:02:57,16.04916667,07:50:08,7.835555556,23,-23,
21/12/2023,95.7,11.8,13.6,106.5333333,42.61333334,08:13:23,8.223055556,16:03:23,16.05638889,07:50:00,7.833333333,23,-23,
22/12/2023,98.5,12.8,16.1,126.1121944,50.44487776,08:13:54,8.231666667,16:03:53,16.06472222,07:49:59,7.833055556,23,-23,
23/12/2023,94.8,12.1,12.6,98.71750001,39.487,08:14:21,8.239166667,16:04:26,16.07388889,07:50:05,7.834722222,23,-23,
24/12/2023,98.3,9.4,6.6,51.73116669,20.69246668,08:14:46,8.246111111,16:05:03,16.08416667,07:50:17,7.838055556,23,-23,
25/12/2023,98.7,7,15.8,123.9202778,49.56811111,08:15:07,8.251944444,16:05:42,16.095,07:50:35,7.843055556,23,-23,
26/12/2023,53.7,11.7,23.7,186.0515832,74.42063329,08:15:24,8.256666667,16:06:25,16.10694444,07:51:01,7.850277778,23,-23,
27/12/2023,91.2,10.1,4,31.43666666,12.57466666,08:15:38,8.260555556,16:07:11,16.11972222,07:51:33,7.859166667,23,-23,
28/12/2023,87.8,10.5,13.9,109.3891388,43.75565554,08:15:49,8.263611111,16:08:00,16.13333333,07:52:11,7.869722222,23,-23,
29/12/2023,84.7,12.3,27.8,219.1180556,87.64722225,08:15:57,8.265833333,16:08:52,16.14777778,07:52:55,7.881944444,23,-23,
30/12/2023,81.4,10.8,12.5,98.70138895,39.48055558,08:16:01,8.266944444,16:09:47,16.16305556,07:53:46,7.896111111,23,-23,
31/12/2023,90.6,11.3,13.2,104.434,41.77360001,08:16:02,8.267222222,16:10:44,16.17888889,07:54:42,7.911666667,23,-23,
